story_name,fool_hero_mean,fool_hero_std,angel_demon_mean,angel_demon_std,trad_adventurer_mean,trad_adventurer_std,lone_wolf_diva_mean,lone_wolf_diva_std,outcast_soph_mean,outcast_soph_std,brute_geek_mean,brute_geek_std,cast_size,is_comedy
(500) Days of Summer,8.353373415640364,12.346157369397867,-7.509349050768907,6.439073542939709,13.16195712293275,19.00288098364416,11.691622614197332,9.962875207278708,-11.954536497713885,21.885570849551932,8.717333038616527,2.582245784638553,2,1
10 Things I Hate About You,14.097582532966916,23.374889335864772,9.354443332981768,31.610384009703655,8.895334694708664,24.075384373736355,11.150856063928506,27.514599080621778,-5.885553097320472,12.538667858249209,-5.884581935224799,16.21688469214391,6,1
8 Mile,33.487735462341064,0.0,18.47490591675716,0.0,23.60083732442089,0.0,-23.653452359593626,0.0,-15.241621563419326,0.0,4.840814393262794,0.0,1,0
A Series of Unfortunate Events,37.29482311670743,31.800358336759086,3.6325742812084107,54.00109541890939,-2.139105246490822,13.041584279132048,2.745035066150971,4.849898047583109,-10.481051630400533,8.611980632679488,16.12479461825437,5.170841059079737,3,1
A Star Is Born,16.50486260499383,13.921005668530704,1.2352285695889869,21.970245897741588,27.31898668242121,3.9203313037578464,-7.98163005222133,5.684261029081769,-11.096272216190354,7.850583117166894,3.498289545219314,5.7569212186514855,2,0
A Tale of Two Cities,18.615762286242376,8.311954523130515,-14.708406745736811,18.432612086287342,4.068556137194336,7.534016484094424,8.898923977492847,15.761971726992694,-6.054668081476343,8.89117906430702,0.8121014587604053,8.296672613136144,3,0
Adventures of Huckleberry Finn,15.375273543103987,11.681077824896235,-16.05113071201273,25.750792959660487,27.39895483549786,23.514572637531188,-18.9806833155775,1.592710610306133,-16.836856383874817,1.9549772980702835,-8.795054859505319,1.3532830460706258,2,0
After Life,7.566367094970708,21.943679434818534,-19.47202211258478,24.866010596763008,3.883099611852984,24.525165994452543,2.1099451264559,16.542883884255556,-16.025053453918094,14.33354773455817,-5.345591175253702,6.43929559987008,6,0
American History X,29.918793715122717,24.319801983546895,11.165173207723418,24.12903381441237,1.7269659592267128,12.926091477064384,-8.80840719982384,6.0977993947512985,-13.106641741400518,13.567235712480029,-4.983756027430618,3.5202364907708668,3,0
American Sniper,37.70098531845445,13.61001895958852,-12.409727334787984,12.688326212577483,-4.852652244793939,1.7661814359141184,-3.7006580929564663,17.084509263179797,-8.313823802505606,0.25067583597504406,-15.86935833925938,5.243489888629577,2,0
Amélie,12.682456387062858,6.839960550600735,-28.906784519838148,0.3719411019282308,26.535382116440914,13.497233729449137,1.194649408557725,0.2952806321346652,-16.437236836401357,3.687478041130132,20.78611521327202,6.928463533396746,2,1
Annie Hall,4.9233276005030735,5.899221948568335,-0.48260988658810255,21.142136761040447,15.499160705612002,28.917292176167596,17.1058933879406,7.976405370773751,-16.989121403987777,16.865838070651296,16.43405599936535,5.12543660779451,2,1
Archer,12.68632618150528,31.705274987225657,35.253540151744986,28.726040922533812,17.998802881325833,38.17337704106931,14.567551484504458,16.95969010754386,-3.5228632786822645,17.17800408001819,-6.006023542351805,7.315518372892554,6,0
Atlas Shrugged,38.42972158775379,33.05153892912559,19.206785119240166,6.006903002784324,0.5422504828206455,14.70518377262488,2.664643787610817,14.639996177688516,4.83777771298989,9.081082747513546,0.9317631898264596,8.485255195863047,6,0
Baby Driver,31.23608874243999,10.711773718114854,-7.314949091407332,35.56556899625182,3.895063136106881,29.241751898847095,-1.4228440204535815,11.216287192734757,-4.0367116898855295,10.817048191777166,6.063216456401985,8.380904354899036,3,0
Back to the Future,21.60550939428001,7.710660454998491,-13.017197316069302,16.962432655805,27.443885536898332,17.95300169563202,4.560204073837783,13.059643910166702,-6.21248627529384,8.003519261924916,2.690764477111959,17.961951272899626,3,1
Bad Boys,25.764675180729768,13.297870701797995,2.8685305899218525,13.100941507562585,23.596602014132742,14.025597792519456,4.841121016600581,5.197697537710918,0.9595670717361129,15.531342247073418,-15.837964770911753,3.182043714368792,2,1
Band of Brothers,33.8161038207384,20.286093357386196,-21.29494401303792,13.517557279197522,1.6119267904586259,16.440605213092546,-9.539371307742924,5.405860099706757,-6.071617163337037,8.152208342253468,-13.292392977680974,6.3163321993650525,6,0
Battlestar Galactica,33.77940431124577,20.24078408777198,1.3031525477389825,29.01113047337548,-0.09653054214637274,20.641613609284892,1.7063249673185534,16.848324539696172,-10.362987817957016,14.919545957157641,-5.97247698588176,16.975858767856785,15,0
Before Sunrise,24.153850255784775,11.525972542425995,-19.15998100602994,6.497029410066177,33.78378835273044,6.000187406039817,2.4008205447693136,1.2619345688188128,-0.7934267426082144,4.095265883706511,9.117726881363817,7.373318342678958,2,1
Better Call Saul,37.561227001852366,17.499367011807664,15.222128897448428,16.53587616650867,-9.65276928544105,30.765571670875982,2.92568762497582,24.828435266816644,-5.300203163487335,10.339173186867152,-2.186726740089066,9.490291053248766,6,0
Black Swan,22.31545446807407,3.1243336662831243,25.973005384571525,26.489383528363707,4.390368733705935,26.65434190752438,12.327519852711646,14.907305677623386,-1.5037023675761658,17.45416510437894,7.071557311649279,7.497230190378259,3,0
Bloodline,10.968750392204322,23.627675254942744,15.130294091062579,18.642751738977093,-0.19311681668944894,12.280538182699626,2.4250399395606745,11.051820067363076,-16.624555011504984,13.028172804416544,-5.884095109919703,6.069867242188306,6,0
Blue Bloods,51.4850454912509,11.038020221896069,-16.025192488061876,19.531631108331435,-4.667183662602896,10.839449220243209,1.469820291106724,8.455740334233596,2.752040030146565,9.552858271532992,-15.87238632028649,7.416175958094982,6,0
Bob's Burgers,0.8528343030834826,16.882457757677763,0.47599411350493026,25.092390442352023,31.489811824095444,28.353756264130975,1.8898298508974658,10.141356207902803,-16.571939350390927,15.273251101039872,4.211120735402656,11.535881005219883,5,1
Bones,46.16325348284457,18.073841504811746,-10.252725598627398,13.298005452203158,13.112654019016599,30.03447848634942,2.209050527081357,4.783434929457486,1.6898749376656916,11.225815631298271,0.0475053276893707,20.286201449762867,5,0
Booksmart,33.82773812997574,9.604735176058774,-16.309323039971908,17.943273449636134,-3.2984337744482444,2.375530024976798,14.101572322698711,9.532654978555062,-14.471832188098313,4.8876585063093305,12.988166268295204,8.58026330061898,2,1
Boston Legal,40.005971725599814,23.2232069778217,24.015752197847803,16.375511400612133,21.45457151202122,23.905642266246975,10.901776721493926,1.7008584248604028,11.710914918356844,4.194254971548902,-2.6886322341606976,13.093030633476031,3,1
Breakfast at Tiffany's,21.06419674721647,5.782041282205022,-3.5826831554425196,12.196313233445913,15.476935725206824,33.68727610218532,16.170536228122973,4.114044144879512,3.349924251226435,8.435341893593952,0.22555726321032843,9.560036086071143,2,1
Breaking Bad,23.17741359367634,24.20046539670212,16.8127970130576,17.7908389247613,0.04832066447868755,25.171050861184526,0.7939478358802164,18.7421878408915,-12.680092089322153,11.966928157055172,-0.9435830542299669,17.01302176758914,10,0
Broad City,10.353409239724,12.120727746552635,-14.676237391357121,31.542396578690894,31.906635425314334,39.188368325935514,1.536203903876111,7.738795227883908,-6.525081267862817,14.516909091274501,3.4334519787269904,3.9789862823607414,3,1
Brokeback Mountain,15.963749039281073,2.5527031167426157,-5.47235253664178,3.5951066720107296,8.022222981526749,31.0221687692702,-10.458305889736511,10.354823030937439,-20.79505625545497,8.742730309970913,-8.77706472984206,4.932182159983693,2,0
Brooklyn Nine-Nine,35.249247762737504,30.175896082272867,-16.227063989226732,27.55180044421484,10.695739883135161,34.78565855569746,7.582328198369237,23.945064818104946,-5.480861326511737,10.496548540696535,-4.0476405357748275,7.702978045708711,6,1
Buffy the Vampire Slayer,29.921622291555867,26.797396461995646,-3.5626795872411434,26.113819428857727,12.034652381550453,22.05844363813445,6.916972337379755,15.817690661093485,-10.113753045159031,15.094690810317005,-0.16566206972042904,16.983855986210532,6,1
CSI: Crime Scene Investigation,34.20633229563298,13.292384233418492,-14.78856913369656,11.049389543224313,-3.405153512251044,18.578052608347566,-0.8906685935788751,5.491456580385138,-6.541807942172632,7.6964065687240115,-3.806153599607883,13.652538728512893,6,0
Casablanca,41.15540706327413,7.516379029030986,-6.614580907511718,15.760315527052407,5.443840129391318,4.948150247242969,2.3174305945323845,14.936374154559912,3.9026480748256986,4.2622069379957885,0.7499249520936706,3.4651550444909356,3,0
Castle,37.36487862791011,18.066953281405684,-14.078413524626734,18.15139133449595,23.56274417393023,26.127928892251603,10.905410561897574,11.205468919741763,6.246702228897564,9.928021401433137,-6.567424216771955,11.816576013981349,6,0
Catch Me If You Can,41.076198269797814,9.177429241955403,5.642219107349718,20.13847877942306,8.284889286437021,41.779363578253914,7.504245636372238,1.900040416777483,2.46931713457972,15.661565921887172,0.8337284138087746,11.469653084370307,2,0
Chicago Fire,30.748346662353942,21.035123910645822,-14.255368288734616,12.755276367939102,4.635380038225807,16.358075027030875,-6.1827288477039595,6.082598794616342,-6.405569861832632,7.901567906855116,-17.08398102875211,1.5064467825787877,6,0
Chilling Adventures of Sabrina,27.120507962972034,20.294294638743754,8.818863572601893,40.873891610503875,8.173623983043655,23.308296171595657,8.14092836095983,5.9639757368122845,-3.787153510623162,12.735935472569532,5.927026328903589,9.502107288156443,10,0
Cobra Kai,22.89330242131405,10.955607497745579,-1.58144088484318,25.91446886231278,11.558392215247414,8.340405723086596,5.799531455126522,17.76959987276351,-6.469570642330869,14.62751901820795,-11.218546830076953,4.972829892959777,6,0
Coco,17.311411644503288,21.108561569250504,-8.191724238983957,43.51830701060027,21.24164132085936,25.767634748311227,3.7754865796095487,13.565939831639046,-4.337483537819533,11.685144777935449,-4.46905282114223,6.3952590345280065,5,1
Crazy Ex-Girlfriend,9.969997892684603,23.970474238914584,2.6394657172630343,28.017828180351803,28.699182366159704,10.54954090549408,13.801448398033395,22.74250740682181,-5.581613545750035,14.375723612130804,-3.007679214999316,17.796846213038176,6,1
Crazy Rich Asians,34.74088500311097,18.14547192672506,-14.46082515601505,26.59740349927353,15.431000865009345,34.95170811607851,11.008984789279621,7.760110930978746,12.537372187470224,7.597483601694267,-2.1137518783828315,7.00417729340572,6,1
"Crouching Tiger, Hidden Dragon",50.73766479884764,15.034179435480919,-4.588962950721123,29.756550853236146,-0.15283550717343886,19.095309226773733,-10.083794571393122,7.050248830314521,1.6879714316783623,7.345516399596159,-0.04706615440560628,4.865630878406739,3,0
Ctrl+Alt+Del,6.253377802022153,16.454930774170684,1.2496280276591574,24.258719714073024,-0.34272196896141677,20.347722243502194,5.624703186500455,4.252981295455221,-13.700852540066577,5.342450424785313,-2.5095387967192058,6.71068203825381,3,0
Damages,41.62864492851579,14.013140666086109,12.539436994065047,25.336419995985736,-13.953022477833983,5.1704734280808635,12.832778225542,2.781936640172311,-0.6110573354034274,8.46218888572351,5.390380711722717,4.4074915646625215,3,0
Death Note,19.913126507366293,21.676814805117335,-0.22881890918569708,31.603399296651094,-5.686815397010622,28.16827166766714,3.8718215842355916,13.702673250646296,-7.300691754540142,11.653750600393911,2.328327335503416,18.08221400273212,10,0
Degrassi: The Next Generation,15.371293860404979,18.076527698530693,-1.7525935299984146,17.292477588239294,10.492014417692507,30.240758062530347,16.65881349825083,13.537950215892357,-7.129836706800918,12.396884485213723,-4.086609149642854,12.04906042054838,10,0
Desperate Housewives,20.447317633411977,21.319524524503784,6.572568020428432,26.961223738845842,7.649177641927457,21.61394054112613,12.288718983032705,15.425603559905774,-4.041097563174541,13.4478928252608,-9.897032063499676,9.44140943351951,10,0
Dexter,30.971322801347732,19.57086183053196,8.106207857754928,28.2345439458151,-1.5905825518920627,22.92202283651114,3.3830777526574827,10.725011198187895,-9.21215503135137,7.834717042453248,-9.1422547491504,14.95944514884608,10,0
Dirty Dancing,27.57132844687884,8.001022376781325,-10.856332237739256,23.492468552650486,23.204408409552183,0.9380982052700482,1.1678113264158512,21.35069861681244,-4.88618484348513,1.5375068912540504,-6.325310342274025,8.253290386302258,2,0
Divergent,35.55567032505669,20.340599040239493,6.0060923151187104,6.965838365773504,-7.86719070777963,26.47736139072057,-4.270037118377811,21.174610569941287,-14.04176670518847,3.6209570980820946,1.7442097207419431,4.513779713679125,3,0
Don Quixote,2.269735506771501,9.324753548098524,-7.952070331615859,23.985250546437257,18.381169841843693,26.179342195256947,-0.8810625839231081,7.721823508288328,-20.348377961762445,5.638028313372924,-8.656866791146005,9.452587541806999,2,0
Downton Abbey,34.849923438042715,20.415880744704005,-10.558075374927904,35.67694501066643,-4.623709452571876,23.642835962079435,7.250522079613959,11.539006715369663,-5.764713512340112,16.437041160896037,-8.191037533294041,13.522589977075455,15,0
Dr. Horrible's Sing-Along Blog,14.764783351888829,11.887245595317875,4.023279424685005,52.04946104483269,15.90844882647221,5.637102495603995,17.174003723260398,5.988085715958464,-7.7177766855308585,18.129454048391317,-4.1047865760693245,35.91960235968058,3,1
Elizabethtown,16.821438455896946,0.4124004946002078,-12.051076853761142,3.406098485007983,20.85983616063619,40.54622644328519,8.09336910854727,8.977159582441862,-9.71534839360388,10.32613529597966,5.70537834978232,0.9584059987615583,2,1
Emily in Paris,17.702452844191125,17.07268246594912,1.0933468380463542,18.881598861388905,24.195710698752382,20.39492553408215,18.298059083930053,12.093659609884577,4.698017250095873,8.745546480751814,-1.4077906800694144,6.731182256186162,6,0
Entourage,10.39868397286725,24.028319025621595,8.287942407189922,31.238050337802914,23.340498375947565,21.88818478543874,14.86761980079238,7.19952633927584,-5.557548086511983,17.86433122686754,-12.167118981060312,5.0233714304621495,5,0
Eternal Sunshine of the Spotless Mind,4.278647357200263,4.057528633381757,-2.9246393244904407,18.07217305513919,15.03576716169576,31.05517730886633,6.737656183903083,11.586007929790725,-19.8939402915284,13.22509858741718,11.426264144840287,7.611596117616857,3,0
Fahrenheit 451,6.694354169706133,22.42117409499826,1.2710781493803864,10.177422288065282,3.2507996713983283,29.74874275216876,6.814073503136961,15.410031186665426,-14.518479287041012,9.922615323676492,5.591064749182661,12.389456911826457,3,0
Farscape,29.80881129272809,24.253642838811793,29.977175944556652,22.217202479158153,13.163497704043635,31.54346385883556,-1.9806889817073723,18.02912433128232,-8.96065340167712,6.239052145916022,-4.502860255302786,17.71335269708941,6,0
Ferris Bueller's Day Off,17.416870941806934,4.558384084892072,-10.542551360390883,19.736342741469986,22.977262001430432,45.61387864721106,10.286659609744914,5.195067921716081,4.653709925151653,27.283945117450074,0.9991558679837663,5.16345069591674,3,1
Fifty Shades of Grey,30.172868033395957,17.970332951607386,0.690515163955105,38.96447436322236,2.3335469784145038,6.513087703013653,14.979282232752238,4.114925002679721,-5.155821879505442,10.14335362472682,3.083845959042952,1.269144855370276,2,0
Fight Club,6.443052883661125,13.396820014581566,32.979814666346826,21.10038361284188,19.92192162256654,34.83574721956336,-6.242163699814204,11.612138576100303,-14.454125972349848,19.435398622431414,11.968161969480121,5.78017797221311,3,0
Finding Nemo,5.314692161448519,18.225001741805986,-17.39013597163191,11.08347710667226,25.22026947063523,41.887951693116136,9.922088313092035,4.1993565298031355,-21.925084264029852,9.078255769254037,-1.0687473754687506,7.319353271772988,3,1
Fleabag,17.540675360517803,17.310470444776243,28.296656934922627,18.37762150505512,7.488741547776854,39.480216136506385,16.73620391359884,16.021116704818013,-8.32900211927431,11.233748573129237,6.495006651129079,6.989809844243158,3,1
Forrest Gump,6.85604307191088,9.997515019987258,-2.0528498047707373,37.83363356036508,26.130529631212042,9.835727660655216,-8.6759148190101,9.287704551935255,-15.503549056549053,3.788429179882109,-3.11540229057834,8.291175921864056,3,0
Friday Night Lights,24.654404816494043,17.57604574815001,-8.976149528716094,28.033147408598076,12.481491081928173,17.16753996910738,3.5022004687391606,19.824073517907433,-6.455980663161678,14.61563476919661,-14.728533243611366,10.095839135183233,10,0
Friends,8.471740433322024,21.673873381929504,-4.772610251800403,5.8357659798255925,25.529379141003773,36.63047318365391,18.858177970469892,17.038335161977155,-7.985580172394393,13.797939521546018,-6.225823411846566,13.147012723001746,6,0
Frozen,13.248979835658663,19.647697563083117,-11.130284599827124,40.87085493911216,23.85851261167175,30.56314268561653,7.146377177573538,14.860890338012702,-7.04080236377438,8.518747279484407,-2.024523425968158,11.874770691393273,5,0
Game of Thrones,31.146336874028023,20.600357823136914,14.096105453840998,32.82090600410065,3.1911020823212213,21.322604556365018,-2.7648396037949343,18.154574830052447,-5.350801508770661,15.77247289487547,-0.834919707255587,15.063982282911322,30,0
Ghostbusters,15.94542286725165,21.767169538431688,-10.23106830161212,18.323703001356176,3.9966917506956703,20.154168345232875,6.975000327222641,8.813953656967355,-15.3688791011104,14.818083437883589,5.56923768261011,10.289526521772132,5,1
Gilmore Girls,23.816151228890416,19.692275758665605,1.8588200279935023,23.77898005540878,7.735797910289479,31.685896218673637,13.941738822782417,17.11314222955735,-6.929819397211745,16.472563360327257,-4.457347892280199,12.007354374593692,15,0
Girls,5.800110751360671,12.217978250719801,18.538139847463427,22.610923861827814,12.898951208425983,27.077209717843004,14.624660136166154,27.394047292129546,-15.882090857694058,11.88687618542936,3.8720249806186473,8.137234818874758,6,1
Gladiator,30.07680418721975,28.93890495264754,18.075448623084995,34.49302717288645,1.1644244568042736,6.675403036330823,6.26379249474929,25.774987853846262,-4.574734191275907,8.47632185931984,-2.854178146927307,11.602011986446179,3,0
Glee,14.157622270157594,20.80572120832554,-2.6585036102510626,34.75912910111343,17.03970844501932,20.586355997825553,16.51954434959138,18.36555079077185,-3.8949422082369094,13.65313805220814,-2.6902952613776874,13.387808946530974,15,1
Gone Girl,16.645563991906076,27.01157498744082,21.67067983393179,21.40805236255391,-6.477038761001943,8.7643457228556,1.9225906034907148,9.064596412155831,-11.534944756111662,15.974683748918581,5.526104599341138,16.402361716745652,3,0
Gone With the Wind,23.021832132602523,15.949718879384887,-1.8118114783208992,40.62043127561151,-1.7871350941290067,26.33940553963806,12.625731915798616,14.589134077630074,-1.3820298506241295,12.860559751364063,-11.096976231007813,7.638543871277451,6,0
Good Will Hunting,35.733279846051296,6.834910925230631,-18.802825399016218,25.81430881320763,18.89624733698491,4.195492844283579,-6.058946908295547,15.823161183463627,-6.859158945506828,12.378077556503923,6.916659749844476,5.155662479089596,3,0
Gossip Girl,17.42749061197165,17.20772866468314,11.285616032588687,29.939534538680018,9.450297065126842,15.775018009733273,13.668678855703874,13.002991573149218,-3.9763355835753984,17.723398902129766,-0.08844043062167355,9.952493419986745,10,0
Green Book,31.634239417106336,23.7776267326502,-4.163937078275619,13.356142410524548,4.342999530831735,15.057752767826544,-4.8048946214073425,12.158822537463038,-1.1541712297152467,10.888742637286189,-7.051525593017141,28.716295640928266,2,1
Grey's Anatomy,39.654658856043945,22.942136197829896,2.184204879828359,24.011497263693222,3.874484752796395,21.460812035238437,6.56642737278888,11.761084875126953,-3.2238083799936534,13.96248669329241,-3.20913109302717,7.582767919113003,10,0
Groundhog Day,24.209243563815058,14.939820920920726,-0.321875494744571,42.4224684049577,4.206547404618139,1.4419572679532635,9.577698444617388,2.4978038673351324,-4.130650337037434,11.606036737325935,-6.0431741500407,1.8705965572694168,2,1
Hamlet,8.298334207296634,7.751008371519683,12.537518563994567,29.11070553035384,-5.6038741251699316,18.163387683856346,15.30866675465962,9.815738235160063,-14.932268277337888,11.114498568329962,3.396446068239438,12.347822593510866,6,0
High School Musical,27.234803061977875,14.613358422274736,-10.595710893085007,29.169481785205125,16.925884850408227,14.08720859025097,22.619165174970217,12.799666956530443,7.211048983368667,6.576176380918236,-7.4530335109194406,14.262322549549069,6,0
House of Gucci,23.82972298731607,8.104001439967004,24.04761262339078,26.560642151815284,0.669365347551155,28.673489387397353,17.745520313473733,0.008300126337935865,3.4253322748069452,7.898404558121292,1.989654036480367,0.6340868593807528,2,0
How I Met Your Mother,14.015015191245258,13.791488865667027,-1.1938450126475648,30.634410186265935,24.385835332876503,17.391430819863608,16.725004276048086,10.992186334123826,-4.416764075956572,16.6536269702878,-3.2754288604729758,3.597724526904891,5,1
How To Get Away With Murder,26.58459596390754,20.124702158064835,10.889820741420912,24.40615014120991,-1.2796461828295465,14.87800242951665,9.972533777819116,13.896063456113245,-11.494583762249441,8.871207776304827,2.394600263279911,11.203183836128126,10,0
Hustlers,27.816253707308274,12.246747903706511,0.807433745769354,22.436284436522016,7.6865759372345215,28.14704742075153,7.754782007907122,5.199221340198724,4.272438968246999,14.763884376924278,2.00255002887315,2.7777342882424114,3,0
Independence Day,44.658981324347565,4.4719751870036895,-8.343845773458066,7.035656162503592,11.653188407410655,21.10757300809099,-3.1386773066839417,8.207471557546892,-1.3659576414911392,11.646707443997286,-4.946199150989934,20.073149289225352,3,0
It's Always Sunny in Philadelphia,-13.18927827691213,14.926057714710714,44.651989779946646,20.54031481992411,32.57503531284339,15.290207272711953,8.87525276282867,14.793923568754861,-20.095613900214282,15.307786532562208,-3.473024762720665,7.995887742432322,5,1
Jane Eyre,33.33615330207516,8.427363003289086,3.531338006031099,37.043580139436976,-8.25754583993907,2.371346798488877,1.9183306879437956,4.329180371861677,-15.447733726679541,4.56782302737419,5.568607213657784,5.53612379024714,2,0
Jane the Virgin,30.30917250873144,13.03097173745293,-4.120025663809138,27.998505077238487,22.91928445239787,22.885505690520098,20.520998485536683,11.171936591909011,4.715911462262639,7.566461785590274,-8.03622474944396,6.996242858422113,6,0
Jennifer's Body,9.22283061512371,18.413431891242453,-5.781180860862768,38.409254081203905,3.7485197671607664,29.23068125058823,7.006028410841091,1.9585728897874055,-12.127816233127788,24.553716862142995,3.437027723473019,8.61885639666036,3,1
Killing Eve,28.45468986570313,18.3670098427491,9.904041623579245,34.15788085956739,-2.4118812061872386,27.23519745019027,1.0458505134944287,5.36725855881288,-9.798090612019912,15.818683327500501,7.459961763777547,11.0929667421273,6,0
LOST,26.019465329879544,24.14968944759944,3.780331422655296,26.446891055471692,6.132346210514021,21.83125835787303,-0.41660420681978133,15.294237276932423,-11.627049919379136,9.99872789619034,0.0812073001553933,12.171822174879244,15,0
La La Land,26.990260181524036,0.43301756121724644,-10.832165923852035,14.386240686924562,22.158564207188782,3.0954773218494953,8.004464691328094,7.617028853932214,-7.1551482030391,2.333238154106069,4.965629768104155,2.0914960852789806,2,1
Les Misérables,29.75331895956298,14.654229001205845,-14.872515737196338,30.185259946863518,1.275165865295019,25.005516230764893,7.36562126299116,19.015551856244176,-16.292518397572948,11.959642099162739,-1.7509366217220816,9.469076186538164,5,0
Lilo & Stitch,22.329420339993934,20.339701455193264,-3.4728741176490288,18.545065400514787,19.596608206912986,33.883902162042624,-1.4569788416833491,14.978642040684434,-10.743043973628604,6.762755524343549,2.3172380013723397,10.31498305794935,6,1
Little Women,26.581128789492407,13.540876426682901,-28.698672444236,30.249275008846002,16.21631776520293,19.981220515078824,7.481428311238808,13.591375243896712,-1.815759328289774,5.596358174310123,0.4660072228588214,9.259864137976587,6,0
Locke & Key,21.7617104104345,5.557297240308103,-11.260748514277353,16.97840156714831,7.3073582537878154,11.543077380077044,4.355722943568527,7.5272281961464325,-12.797251354447598,3.970843896177248,-1.8527507644041925,10.056897845244771,3,0
Lord of the Rings,22.935963562629347,28.618683481422988,-9.203500933934304,33.09681218496943,15.60515489931494,18.78539414531099,-5.212800398772197,12.35064192206276,-12.068468583682911,18.042891104109245,-6.834543251565864,16.149020671374394,10,1
M*A*S*H,20.154208799476,18.867253616611073,-12.186850701232208,39.871609455686965,12.750951379622139,34.56008266096765,11.781669799039252,15.230942416300815,-10.399416974812878,14.127218286695435,-4.905746251173016,10.26138507687844,6,1
Macbeth,21.982365994063013,20.7902529886743,47.72492645458003,4.743404362110272,-0.24602618928430314,0.3106154521056415,13.865899241646382,0.23397434835670783,-9.61865614266705,12.429447404995578,6.939672188175526,8.19481723818721,2,0
Mad Men,20.22910197083688,21.216947325523094,10.296686020020935,20.22469385043153,0.30189717922526427,20.904310572204015,15.858284516934027,13.69638769646212,-0.8126719909552025,13.396879922405779,0.9856586806243113,10.420873961747525,15,0
Maleficent,50.86070218986023,0.0,25.43525979849509,0.0,3.2889379941109476,0.0,-10.365071374514534,0.0,-1.2897626048863673,0.0,16.02428814868064,0.0,1,0
Mamma Mia!,14.796691943400921,15.074922118970525,-12.139567044479685,15.939624935768755,34.119472514738376,22.325226393292674,5.843591157423195,10.810353697674667,2.709004306727922,10.07146780055838,-4.109256245465671,6.178408794307454,10,1
Marvel Cinematic Universe,43.9304166868497,20.17328062062069,6.154579872009412,27.397490560065386,7.699646882220906,22.605128161745778,-5.197086274093802,8.925322395759245,-0.4327251363948143,10.893386897328437,-0.9207672758656019,14.819059745938977,15,1
Mean Girls,4.674078769414776,23.00885818499158,2.01746173644691,26.481622613106097,17.61869227743746,20.116492101941862,15.68548412522633,20.20832693812704,-3.95451136262439,12.509832448906195,-3.3854791576883514,13.705157554848196,10,1
Modern Family,17.063758115174586,25.126398598175896,-3.612729492459254,20.572262632984213,18.473301685065433,33.99202915286453,17.4134209588701,12.868972526156615,-2.2566629673919762,9.683988089657058,-5.1263751062401735,12.848758199281795,10,1
Money Heist,19.917901451243345,28.049318031288646,6.398229167640497,31.98177770553814,16.931580104690916,20.182824923213733,0.5549936180962692,12.465971625834548,-7.566963309633257,11.818387812000834,0.29346709399242543,11.752145377839083,10,0
"Monsters, Inc.",14.609489024893811,3.8935722005330367,12.165037381469597,39.56172040154224,11.530465671470148,20.745317176518,7.625713445246864,12.171470474030144,-9.964258666899786,6.6792567809857575,-0.5212013330808661,14.433913301432845,3,1
Moulin Rouge!,24.809334675825884,10.63160477035309,-9.851483159717446,23.574416593005573,37.27178786918065,6.155709624855456,9.484335045835934,1.2579073967055772,-6.873529662613946,15.62149888828868,11.255606681180812,1.3515409100008062,2,0
Mr. Robot,29.89985813341748,7.497096121369675,24.90383567891128,22.446083976855043,0.4379578906387736,16.8392362843679,1.9007089797126528,20.05603886273884,-14.987730283641858,11.830346977474127,17.467338686465204,15.965875381051516,6,0
Mrs Dalloway,25.538676187691333,0.0,-15.994914965723273,0.0,0.14797895212810908,0.0,22.298911050429883,0.0,2.732498689734327,0.0,6.8387790832541215,0.0,1,0
Mulan,13.37395659427237,32.631953967300774,-9.034901902821831,29.979230658684347,22.490927619101313,20.535179842834015,-1.3609467257965473,12.397714039764258,-8.228181934710273,12.601655423383878,-7.770457524269898,11.239166888789082,6,1
Mulholland Drive,9.764578657655965,7.53001853367485,0.2975416690541941,6.473940631273616,18.081566555378114,0.627312025873028,16.884846712998147,7.551991058357215,-7.666443695551255,12.318289539176305,12.351776882398454,4.255907172891475,2,0
My Little Pony: Friendship Is Magic,27.950936834588294,24.89652403694202,-23.70241706920578,11.393233985799913,22.467759305600463,27.046961979784577,12.050401218249306,17.83933076110085,5.2950703533162775,17.245434466641665,-3.8327869679325244,12.108545256900705,6,1
NCIS,37.98329744210753,18.792081207390105,-24.826636040067214,26.411901519424074,7.828801336040681,31.782458719885227,4.143234793722729,13.749888836060238,-2.6821042340204087,10.069605165600318,1.1951845554266656,15.334822703521223,6,0
Neon Genesis Evangelion,21.943680948363724,18.877880052388303,4.496517726071194,21.32905809283056,-11.237508509802334,32.22777043610475,4.787244169696332,9.994095312721175,-12.273858170205477,15.598459016701982,8.439248256519347,11.413141490221756,6,0
Nomadland,29.609935674325257,0.0,-13.643692896876226,0.0,6.1166995924145535,0.0,-35.48635814426486,0.0,-22.656277962897327,0.0,6.65475826289026,0.0,1,0
Normal People,24.125144250605285,9.190476000948923,-16.733137622604648,12.197622580248968,-4.5180777667927305,7.064290604192658,0.07766922376209262,5.600239176473514,-18.094600338072098,5.657827391009078,14.151527121883124,10.262655843174347,2,0
Ocean's 11,33.13313220807775,11.956944318207903,8.589470412617596,24.16224750696085,6.86003365028822,22.442294680469352,7.06208258669857,10.716645908626791,3.9170543350367253,15.366842524726883,3.2752594732543527,4.630092648997525,6,1
One Flew Over the Cuckoo's Nest,8.228836833404259,24.319799317565575,5.178279632315001,31.345354592658015,-5.029621562134957,36.17529044192768,-2.0730071582523393,21.1664488908155,-25.3681691277546,15.136954981789787,2.518382050617074,8.353208106355375,6,0
One Punch Man,27.99534274581924,17.837359111007206,-24.760861266362486,19.156325962715833,3.931267304936698,15.273531732675172,-9.200446291047205,13.026794353521552,-7.610159964811121,2.3714383000122523,-9.876517548597377,6.089938379118638,3,1
Orange is the New Black,11.860641180788969,25.63754170948031,16.20883543717736,14.859028294429105,20.943513907490587,26.558324189192668,2.8389335014657875,18.367516768140447,-14.503029707931963,15.014233171277208,0.19976070971163215,8.259245867275775,10,0
Outer Banks,19.10368622907046,17.321772574374297,-0.7227463573958511,28.776608423566316,22.7779530349278,26.962366433465448,3.488246054052169,19.736630957581717,-7.982167065942606,10.906707737934754,-6.8944615769554405,9.310060863878068,6,0
Ozark,23.60038620665073,18.977501330657223,24.218815125514507,25.937094780000844,-3.118580158224476,10.897153109404616,-5.19895702497108,14.183443834070045,-20.011074921160713,13.557691940501815,3.1092047147487696,10.110084174616146,10,0
Parks and Recreation,21.97554520239612,24.451175673614184,-10.671438562243107,34.376987564604946,8.914193561556466,31.46447931281626,9.832230507395824,25.844420446937576,-3.0989700863247043,15.282273784315633,-4.791450703480969,14.052178352098299,10,1
Peaky Blinders,29.536652761420612,24.995282859568302,15.226525500294334,18.363284676167453,3.75923008270313,14.016037235121535,-2.8231028334370882,13.00312342745888,-7.898199046270238,15.724263866481385,-3.0712576609478233,10.04724588296304,6,0
Pirates of the Caribbean,21.850003471941566,16.262146029427676,13.446225983279568,24.00671485898613,15.43027001435888,33.36497078518006,-1.3790311342888764,17.481606789330044,-7.076413597700241,10.230656891744891,-5.323469263387536,9.414708742983496,6,1
Portrait of a Lady on Fire,35.670539384788,6.02221620068415,-10.015204567099618,9.2562127657534,14.147280823812443,6.5685226322375865,-4.4852993879426695,4.249341891868173,-6.618845414576244,1.6260114736237923,17.62143884786007,2.2255370298019486,2,0
Pretty Little Liars,23.30951877953828,13.347480064722733,13.908137076826955,23.896336059567414,9.488681616113317,17.919207347291586,10.106543887602925,16.333654324815413,-7.330022351184931,10.067342611072238,6.543067194468148,7.046460292623054,10,0
Pride and Prejudice,9.693002765115011,27.834962422961258,-0.5121040278572145,42.33026194307055,2.38767520573345,27.07026784515897,18.349276511267554,12.793419291844113,-6.026281543471578,10.347928775529947,-7.477708160774318,10.610760372685114,10,0
Prison Break,19.183114747572237,24.37184724151991,8.99754648878621,33.79359773279616,4.592316522731169,14.678532088215347,-3.519626739924631,11.643290681522899,-15.231381785822284,11.313513415705092,-5.090632705237965,14.14083803209474,10,0
Promising Young Woman,25.459561201885755,30.035100155354215,17.078399873295442,7.969373313859972,-0.5216148014960309,15.732786136029588,9.352933088105022,20.256385418611597,-9.36222048173753,0.9942218570866705,6.3969505794267265,12.23400653696191,2,0
Psycho,18.446771381064817,6.638363751054037,3.70102625929389,19.158071215494072,-4.440853588485113,7.641719191657703,13.195065841177742,5.892814681997237,-14.288290666741858,13.187936120110757,7.234918872249483,13.346093953016327,3,0
Pulp Fiction,23.315750044833155,20.508242806385542,25.661671595070175,11.040678784940466,15.623416683417224,15.253900184288325,-6.036236715720944,8.445246804557852,-1.754361878621532,13.891222278330636,-4.364634262168829,10.381979705732459,6,0
Rick and Morty,3.5780974066174647,19.55242043299666,22.313100060824826,37.176444917289984,12.756395664370523,4.844392874498852,2.6065299173049463,17.0649192286128,-15.009482761686286,17.65602048524907,4.303002654901754,13.944571671537709,3,1
Riverdale,23.51004659514104,13.986977674339132,13.667536015196754,30.35820923544293,8.228125916062051,17.591251237067627,4.705066866457898,18.42377766043919,-3.80287572459058,13.01096883165437,-4.153389767965243,14.045283601065329,15,0
Robin Hood,6.195511702418417,21.232836464605295,-6.8691253201407925,49.45481083091372,18.69093087840952,24.643614343114987,5.988209374094839,20.405466055476197,-3.20693373397889,11.945066649935402,-10.406271418509649,8.773275064164972,6,0
Rogue One,40.24781485469325,3.5805972925135237,12.218672510050524,3.315789165735958,9.867721550480542,4.611870709035358,-22.36047823572636,0.1020914199590468,-13.577847921938455,2.50864112871737,1.4472808151070917,3.2952934146238273,2,1
Roman Holiday,33.49920442681592,4.028608656411079,-17.41598388542429,12.615914284209394,22.94383989711645,15.419147366760813,6.973496874399,12.164876693830816,6.136453131115495,4.607387023138616,-1.5427723325585863,5.973520676004433,2,1
Ruby Sparks,3.816328868036187,2.248050023951292,-5.395628066867955,16.468575124775242,17.444980199748972,36.1459918285816,15.311440645984746,7.64578795283234,-18.613755165246225,14.858625449037255,14.20156138990837,5.74272346760153,2,1
Scandal,38.40629075934137,15.79735606374625,21.055514560952464,21.93177636499011,-6.487790510248703,11.402879320047672,8.630529569957092,17.286419338047054,-9.83161407482678,15.132105514170282,3.4754718013702224,8.544453793413169,10,0
Schitt's Creek,21.102874147734514,11.660355218106394,1.9090660854382453,33.65966879301639,15.82350646105492,24.776941484359252,19.625498670484898,25.505642424445412,-0.7277039284183698,13.128527423370814,-0.7375579305751282,10.895909908559132,6,1
Scrubs,23.015498498112667,24.40300718021366,6.587944376881272,31.896392250476065,16.42944310302212,30.635009226974148,12.974129618318628,16.43252211385242,-6.978338503392752,13.427587578255778,-7.437966194553617,10.232629508091764,6,1
Se7en,33.01114363166753,18.635425755011873,-17.080282803444927,28.776475574690224,-0.05376379835787345,18.29786510323657,1.325477644482066,12.800660114833637,-7.900888341462174,7.345889560478328,-7.106262700809688,6.604815727502437,3,1
Seinfeld,4.4942923117321625,16.472016951735323,15.849784426834312,12.924050956812506,10.452476695699898,32.237045643772106,16.675721210290053,8.997537717882066,-15.22302998238334,14.06150000793382,-8.687585281600489,13.165755898280603,6,1
Sense and Sensibility,18.495901924630648,25.084198426491064,-15.893794094218851,29.857824995622295,1.5539289613605483,37.078088085596995,9.60453311812734,10.950073836894804,-5.800154962365724,7.670496061156531,-2.406021097413948,3.2703301860116425,5,0
Sense8,36.93939042221692,15.703887082786643,-11.711505699887088,24.451390933091623,21.721209031106948,22.69304093183727,-3.6396500006123063,16.032178314622655,-3.3369753557913606,9.150096992977755,9.422913086946286,14.704260472097534,10,0
Sex Education,16.558323177221975,18.76393975652897,-5.870400168298339,20.66422837981063,17.45515990476987,32.823330917046924,3.7300108807160988,14.502899037536451,-9.781475888698932,17.056579079895393,6.124295901101182,14.401780052735209,10,1
Sex and the City,24.839072294872693,20.636939282367557,-0.38418489927739685,30.26942277458787,9.132559540025534,32.07024930197633,17.398618900545735,17.496773771118256,2.7544991056551598,18.121878834567546,-4.905352866906381,5.867363466901678,6,0
Shadow and Bone,35.650859488474104,20.474964737039432,9.925961903930968,31.757361538488617,11.74510581480537,29.795326184948678,-5.845899253547987,10.429184290424654,-6.667402316177714,12.591858470952348,5.381296795057506,15.594027280684685,6,0
Shameless,3.6442333474938473,27.047951742087033,18.947396397665777,21.174642005112727,25.048271501409552,20.428266979082423,-9.898028460653382,9.364199398605113,-15.391773653171995,12.697455781560445,-6.778745211413378,10.359912888736796,10,0
Shaun of the Dead,-2.17262572620673,27.300699583175298,-2.7385321526151913,9.17742361723524,14.347140460606056,22.353932991164882,-0.8839745588452743,10.184593561444615,-19.38173688891694,12.309241675110584,-9.945948072041269,2.8326736746207084,3,1
Shrek,13.145322099283808,22.869078332477528,-1.4103308681991507,16.813538506260215,32.4364091232537,26.58138240709583,-7.390015165809477,17.435937894555337,-11.881635559689707,13.868525163284323,-6.255690652651389,4.956943021359809,3,1
Silver Linings Playbook,15.737512341858238,7.881500187352933,25.014371090643852,7.1998018232279115,28.424240687270746,9.334745194778586,-1.9368278710278726,5.14642275805382,-27.723085904007604,7.87209653965259,2.364668499377416,7.6719790970974096,2,0
Singin' in the Rain,24.01758247550921,11.178838406513064,-25.323627907102164,12.119589549071705,42.30623272043728,14.509393433447416,14.281646633760213,3.2174853933133294,8.617968328699483,6.088868277686982,-3.95212380309612,7.930656938217644,3,1
Sleepless in Seattle,28.14828961646021,0.45282561150411915,-30.60502692274453,1.0653350748196733,8.339716126272794,15.872445035075504,11.374181899799726,10.011621536312497,-8.49486460607303,3.6240874875992337,-2.514074336987764,6.0031964823613615,2,0
Smallville,36.95004334122488,6.034896263420127,5.737435969675097,37.12203295538674,7.8903746361694465,17.698706603077444,10.555708694290198,9.23366964998605,-0.4385053217401638,6.544889880430987,1.9797160587660418,11.867317568208838,6,0
Sons of Anarchy,27.07968993605108,17.59103373593397,19.116249530521944,24.966639779099545,17.29231244006089,12.297589581663372,-16.611453637120057,9.728103809838084,-12.594854236038245,7.071156065617216,-10.692639874442458,1.230977455137619,5,0
South Park,0.7500682642530258,20.102933704084183,-2.1238143908399207,41.43340333103108,7.96172146252168,15.293208594366948,2.7496259384331707,15.5794110922258,-19.017219813831503,6.033769237456008,0.7159863702504398,6.063382675412668,5,1
Space Force,24.587899727897028,27.094012131368395,-1.1341521079180843,18.3735760824348,8.277728256925334,24.002318602899948,8.264017623375468,13.354316990920356,-8.612047599999563,7.185013448825902,3.458688111181044,15.313593695818197,6,1
Speed,36.786314159704325,15.162437079680073,7.269427893431479,39.74950962204337,12.46345485530596,18.06673994986744,-4.093056312347835,9.819512225158983,-8.816658912262971,7.985986212174476,-4.770191338146053,13.32561397937403,3,1
SpongeBob SquarePants,6.396348437315831,29.818076074765735,0.9015871180140081,30.825784133287712,16.8522025921215,42.43385425310376,8.305726190471848,11.571367101061377,-7.637755163635878,10.493121153009346,-5.6620943717952406,9.82887155326357,5,1
Squid Game,22.05210736694796,26.317710458660823,15.185641754116707,27.833535614997203,3.91405237829089,23.32818952356794,-5.403185579237042,13.620258167664096,-8.505271046990337,11.836608037367874,4.249530698484698,8.894687787057292,6,0
Star Trek: Deep Space Nine,36.604559985713394,21.067347199060027,1.1177109952190638,28.440746417803844,3.7548219617153524,21.63975814179541,4.200016615091211,13.719685681481579,-3.558194185347787,13.701268645774762,-2.001812679847252,12.547573730281986,15,0
Star Trek: The Next Generation,46.98570834142589,16.0007379685133,-22.89201413163096,20.930914712216214,4.3894840391433245,18.833952234848187,1.452516539146378,13.082032035800994,3.1878878662689973,14.430283483221832,-1.7443867064889407,15.147568319632024,10,0
Star Trek: Voyager,38.767680891467464,24.921968401873762,-12.423322646466673,21.297910958876365,1.1887526312772425,28.22319127706357,1.4059812414277129,11.630327494992727,-3.8173554031265398,7.952602474878927,0.7397902830545918,8.265344179813804,10,0
Star Wars: A New Hope,36.18488052611773,18.54030030343196,-0.6373140406439669,35.723238180426954,5.658924707539409,29.106771557566084,0.2588344469860135,16.94045564295162,-5.279867574494555,11.730524055353419,-1.6878338368833123,8.608406287013686,6,1
Star Wars: Revenge of the Sith,43.38955910590158,14.872434639554607,1.5253250848917983,42.4634638191719,-1.9175740102806766,17.65685738292211,0.7483875836175903,13.42849201654574,2.6634436703286686,11.65900848342625,1.7075163728911111,9.44251666471857,6,0
Stargate SG-1,55.60203170071289,10.034822735476096,-22.67910545469979,17.62308040585771,-4.708188881329893,17.16669597855656,-8.691720192761673,15.299811569428874,-1.8343581978437047,9.447951137296108,-8.411696923227813,19.4075092469315,6,0
Steins;Gate,19.859409620608982,26.916299626510106,-11.830099204765984,24.92700395326633,11.833266181943403,20.261044976453956,-0.9114077838625168,9.513605025375554,-12.268135025458466,9.917284817574211,12.05610505036363,10.627027761441331,5,0
Succession,9.808763998971294,31.23646161438597,21.444796044713918,28.670747035108946,-5.70083104918978,21.820700672649547,18.830935255528274,11.985385080772614,-7.586858964656038,15.712887473866635,2.010921042602674,6.4592451355191525,10,0
Suits,45.82488203237238,19.97802635128303,4.261863748633847,21.315110515339384,8.638156052470466,17.589438220272815,14.046059624490448,12.40537343899178,6.219878665365698,18.389315681365325,0.18008314792430868,4.919389494912502,6,1
Superbad,-1.4410633553204735,15.772915754394594,-9.399974280055908,25.63167391895048,19.113056882389483,21.04014815079069,11.445262648012635,6.2920293155000735,-12.033731152418438,16.095468205261472,1.2006164415278135,9.201760009893349,6,1
Supergirl,42.552850145561756,15.227484499072972,-16.942513258267372,19.99232432005519,3.6848255267627876,15.01785713781555,3.2940451295835236,11.467520761814162,-2.3241604373670843,9.279441219135581,3.0445767205076595,9.644578654545821,6,1
Supernatural,32.88384770552505,4.18828775140225,-7.769140994523756,27.946792375739744,7.698725199758719,19.577299661558037,-6.320426795331169,9.186084609142766,-17.29140202352131,2.7650896370720144,-1.6261456553748375,13.837079177146409,3,0
Tangled,17.391588975412958,6.036965219423195,-7.463185754406512,26.889524840165002,47.802263526809256,2.148858585851926,-1.0552912169500717,11.382887491250681,-4.089019383509136,1.6147809844739167,-1.9045315013943984,6.029239968488878,2,1
Ted Lasso,30.766109298793367,23.966781808804697,-14.281507658850694,36.99534631682145,12.051719624854448,30.488727704075302,3.664472405934864,17.650939058595963,-2.6631562474292827,17.776576586593098,-3.585862530568612,10.147342878739678,10,1
That 70's Show,2.111295082884734,29.269580725162463,3.1305451993248794,23.98511111152148,24.146257102383224,30.251976240524428,11.465783811400076,24.519742274262736,-8.136115669700285,13.848267671724388,-10.953747997995237,12.727039994002093,10,1
The 100,33.99530090661487,15.210180726431958,7.247348912226281,27.638178418728685,4.740362411938468,16.156664762862,-5.317429810251469,9.956888053414993,-9.741051480369189,3.9986399639239005,-0.35585793495960616,7.776409030481109,10,0
The Big Bang Theory,13.65582932464459,24.3556601143762,-3.242891150822822,20.318677787899148,-0.45591768929073095,23.465550467976044,14.880415486203816,11.582165080992205,-15.425091748797394,15.501682883295963,5.339570655705758,16.294796848814574,10,1
The Big Sick,17.41924216763684,8.342154006899177,-20.91239743457931,0.917172484552303,25.389844129146276,3.4786946428427665,5.7420169379863815,0.9109966851356126,-13.378796684507883,7.0384124104334616,7.518487612740286,0.7313000121991999,2,0
The Blacklist,45.710353115438465,11.260102866214353,-7.826478054355538,26.750443025919896,-7.743321564984367,15.99415583650205,0.530841186071641,13.34673424104286,-4.906745338369151,12.780402605739635,-2.375123154697842,15.243527713364557,6,0
The Bourne Identity,37.87158509711997,19.397410802018772,11.996822181277745,25.726011320995752,-3.6850178699422194,27.185942305454727,-6.502519093055514,15.828748552521922,-11.371439801102595,2.205575824828655,1.1827338225446304,5.783538070790196,3,0
The Breakfast Club,8.648101609300774,6.3075771263547615,12.714888499912307,33.613442452429645,-6.972233273734506,23.93947709764751,7.705743432819794,26.603053979552865,-17.827812084607746,12.166166557474375,-2.7562052646987034,24.56083614117492,6,1
The Curious Case of Benjamin Button,28.82395198093933,5.678632097600701,-23.85526044937666,3.163380190364439,18.323320642819553,5.6997092835688,2.7361004312043162,9.202598625001077,0.24769010356376908,6.799754499231565,3.8306847506069364,0.3221432111039937,2,0
The Dark Knight,37.79572665079364,19.43296083417489,8.022369187634725,35.11374006582962,-5.437378087519459,19.876335108640856,6.434042837159096,12.195142514795307,0.16183646770127869,7.122554937713816,-1.154128957072341,13.227231547855038,10,1
The Devil Wears Prada,35.43147661285909,20.349945795418204,15.328466962133263,33.39598689981148,-4.034004370713539,10.456616141618245,19.852466827833638,7.891775740549902,1.5269206279746503,15.275713970652532,2.1009956544032304,4.901755308362282,3,0
The Expanse,47.496238944406976,17.479883776632487,3.553830543127067,16.926132155767323,6.308624202265018,10.630142706916468,-13.30441334499212,17.58038418226133,-7.53790908487964,14.485445220667764,-5.126130961639944,9.568968606137647,6,0
The Fault in Our Stars,26.768976309710204,4.415631342901095,-23.001250032720677,3.148030367526248,22.431694621705244,26.542771789255344,1.045438091644396,1.8282132030730183,-8.408797259591315,8.287152469722285,9.418128920410986,6.126272717304717,2,0
The Flash,40.64758808089268,10.118634526646025,-16.683353227906654,24.662533951828134,6.040420567665432,20.55224312286665,7.808697272092662,8.385076307450468,-3.626409491112913,6.759104444463323,3.650565591286582,16.793640749722147,6,0
The Godfather,27.004758399593943,28.890829217091653,12.671752747409228,19.41609210389462,-9.28732345372021,18.88442142317275,1.577096597208003,6.813361183569731,-2.2473692609932536,12.046311082650568,-9.83619599955452,11.204276077782511,6,0
The Good Doctor,45.88695140146721,3.7642544201888635,-9.905531820059261,16.70582171316528,-10.055711135798468,14.733702615001846,6.558736406815666,5.3750977490635155,0.4661064203620824,10.09801255566292,-1.507069142579829,10.35537737212555,6,1
The Good Place,19.257678363712895,27.23524930330934,-6.043899374185114,28.234167352101206,18.25434296321705,33.49948868017439,14.84267302729306,20.784198850255876,-3.079682177664436,15.759845415607298,3.67757954214604,12.25163561752782,6,1
The Good Wife,45.89464853550724,17.98933492836616,6.065827774991959,14.605988155541288,0.43763977639063745,6.115896424361045,9.2164387221613,12.663970862347133,6.6185981902667415,9.712964300291626,0.9756148242053246,7.700731247330425,6,0
"The Good, the Bad, and the Ugly",21.921905651740346,32.82686012303029,33.79037995621663,18.920203587538094,4.209591661480295,16.476423209115243,-15.859191630982417,11.46612915550008,-4.058601283924379,15.437014697515703,-7.493320438879208,5.2859469173802065,3,0
The Great Gatsby,7.044791027700017,19.77558321625589,16.700318747060436,31.29055354530407,12.247498071716008,20.67343752340134,20.423564052114525,10.047002536370822,-2.2838467226821932,13.006318432952742,-1.6235994030282672,14.898216154281174,6,0
The Handmaid's Tale,27.876639065362347,22.10297386907703,7.392596894331547,18.83395185173235,-2.4291060168568763,28.741842989070896,-0.3486381493843901,16.38227544217293,-15.253175222343756,7.46375534058496,1.3716095776554975,4.359726437391492,5,0
The Land Before Time,1.61249023559957,16.07391259538411,-27.76139548188352,27.62940008433139,18.3305294323478,17.036010855695565,5.937884651579721,17.393407577879646,-16.491800170282325,11.5401955700741,-4.7447072745495795,8.921745294639141,5,0
The Last of the Mohicans,50.35948137521203,8.060989642485701,-14.219404408080287,8.006124239744121,9.499237631301604,1.3009572181264089,-11.290877087887349,24.150201879546394,-3.792424053420044,4.249737732076083,-7.177656509536603,4.330582241876315,2,0
The Lion King,21.037714238337266,28.815548379463472,-5.827010181736934,37.714649170850976,24.741889939400526,29.246904201260183,-0.4535203337017802,5.44690535086886,0.04104035489610306,13.761915365928532,-8.035787298999177,11.931601264968437,6,0
The Man in the High Castle,50.140861193974295,4.6683107311928405,17.540147659682095,14.3614629633734,-21.688682971111604,28.721873785495983,4.8696595172456885,5.179885057228714,-4.1901782521075015,5.854325706550506,-0.9630222642588938,8.922462555988755,3,0
The Martian,49.513373925765606,0.0,-15.585893571833504,0.0,21.533549692586277,0.0,-11.843076210929771,0.0,4.064593437413969,0.0,2.8411097905840386,0.0,1,1
The Marvelous Mrs. Maisel,26.07990189855833,18.773069504376142,13.91683851934295,11.415836670977178,5.513641555056035,34.184651641904566,13.237899300325434,23.84774552004778,-9.758716965039094,14.599542806882903,-2.863586427527225,8.080794818754388,5,1
The Notebook,24.402299809116954,0.7038702896427517,-8.291419993239373,8.089111033294882,11.334198155635839,24.891238079020415,13.393629107174243,22.00035812226176,-1.3997840199338596,11.448420291208388,-10.787801129030209,7.459748922177951,3,0
The OA,24.72773474641803,14.190110202115674,-2.2880785191650923,36.60460379713511,11.114717900957928,18.743136278461844,-5.223115630196896,9.020287857769897,-16.842057310026828,7.945992813175968,9.880398514790405,17.869883766093952,5,0
The Office,2.026107041962622,24.883840381517246,10.663810275202858,37.43733434723078,11.023153116841364,31.085221641652975,13.75687977465061,18.32181259713209,-9.518331206896114,11.494533511637314,-5.847875726300497,6.5392874763615785,15,0
The Perks of Being a Wallflower,20.39695521108443,11.827525639630458,-20.666757710047843,17.59523546126421,31.23581656042282,31.066582627176988,1.519890026406836,3.6955237029436994,-10.64862405393503,18.081868499802418,18.886842366569137,4.801160021643091,3,0
The Princess Bride,26.04658556259463,19.446948245014884,15.957855960712342,36.29854856178041,15.512153432419723,27.262025854031616,11.972313986568277,24.21836796303344,-4.32888992049779,7.3696934872765345,-1.228874234313216,8.24150411723793,5,1
The Queen's Gambit,51.00198918982128,0.0,17.595545356174753,0.0,4.0667649089089775,0.0,-1.8884684867774124,0.0,2.163769783124681,0.0,25.085179980325883,0.0,1,0
The Scarlet Letter,26.970699148339353,0.0,-9.093320416385492,0.0,6.863093240164739,0.0,-13.366760438447997,0.0,-18.90097946465012,0.0,10.708215215557365,0.0,1,0
The Shawshank Redemption,21.537954099031936,23.387171858056597,3.662133859353014,41.90617256919526,-13.835676831574382,18.79486108247729,-2.365168442376053,16.30242372897146,-14.0104069352535,12.535254769330892,-8.415349034589779,17.303370671804,6,0
The Silence of the Lambs,44.05618374044763,12.495296379466085,9.512338775459314,24.264521974490727,-16.169330027633332,19.174190634223695,3.3406160577319803,8.159550966681865,-2.2079577351466604,11.134715310506648,6.703786780692251,16.30223097027384,3,0
The Simpsons,-1.6413763876143055,28.845861234140212,7.030816465541359,41.38505376247905,0.6804032490617166,26.82323071512188,8.599363678674536,17.450666098256153,-18.343720978104283,12.833759501186533,-5.935745222019926,13.531449767940506,15,1
The Social Network,17.470605621589243,13.727288597604414,24.945907410905303,23.65561856109407,-2.8761934343329982,19.94390911080318,20.476746263933688,6.858349508322121,-1.576076682732733,9.282995939178923,-0.35377463964192063,13.718004233922352,6,0
The Sopranos,12.550896251229698,26.247708110733317,22.40217216703657,26.784643257365587,6.052073275599788,17.16061581796984,10.797191880679767,9.965093768537823,-11.004360535885853,11.431621064128581,-9.833941965728902,9.956613939713817,10,0
The Spectacular Now,8.254428685194936,14.46175411234292,-14.66143696272278,41.50991746068462,14.766956549296012,24.356881853059164,1.518833880150357,5.677101636077431,-14.833887360528397,5.292462855148411,-1.7485053235248467,10.802165115195852,2,0
The Umbrella Academy,17.48318439121073,18.449319522717957,0.7105604674839588,21.583583579559306,10.168693366062083,30.21351699735215,-0.040988133461320096,11.456645684012988,-15.559168970177064,15.231649723810074,3.646998458816366,20.00827588660307,6,1
The Vampire Diaries,25.42463039138859,20.18106574540903,-7.408855657432416,25.895141676820664,9.39517844031018,22.52164817495717,12.139015744840377,14.716801277625017,-6.4947887896635805,13.819380420338838,-7.996351704401001,9.693593962846764,6,0
The Walking Dead,25.182380404423252,20.04686624554055,7.520398583685433,38.09047574451308,4.258336692893282,8.129988396127896,-9.603133189877644,18.064014539926113,-16.72394381528742,6.42506843258392,-9.76669666582742,9.044660791903167,10,0
The West Wing,54.16476599338373,13.280480555160215,-13.82496681349691,20.61711651354662,7.57879124950892,17.39522051872686,8.444916752419056,9.852049556714734,3.060089377623439,13.078810974225952,-2.456854885480599,5.829395783165249,10,0
The Witcher,31.708651284210173,19.01515191840454,7.498082274703319,27.163410602943976,3.8986642375228415,28.713369287554574,1.235568319755805,17.62679924584669,-7.048914340017353,8.321808633362762,6.53725392466593,5.786851085197226,10,0
The Wizard of Oz,0.6112535775400149,13.228512125729255,-6.512733554536044,41.436531810764585,7.948085503956947,12.361430037059714,11.53391513016813,8.186073304595395,-20.186439721150883,10.426786077877281,4.99076903497064,7.0274605474006275,6,1
The X-Files,49.61556821064814,13.12555444770853,-1.9045994962998645,12.21423880061362,-8.289633397383213,36.63223935452873,-0.34654090637563284,3.732452253433304,-6.524568857541848,7.851162838279311,2.2597311737196577,13.103871109806862,3,0
This Is Us,27.945354562128095,19.65515738395783,-25.49592380055943,15.093076284102123,15.898432069005711,18.33228308648315,5.954282693980538,14.078916465373098,-3.2058348584071026,11.354545405161307,-4.689014334917685,9.188701197779416,10,0
To Kill a Mockingbird,64.43284749149466,0.0,-34.19495379711868,0.0,-12.385533912895779,0.0,-6.558889256868794,0.0,6.255224417755801,0.0,0.39986502901124515,0.0,1,0
Transformers,27.41562521254901,20.521859429086135,0.7792959909705445,39.90286238834041,15.52175758093403,21.235961924387258,-3.9076144327910804,4.914503493888836,-4.474791782470234,15.091794648728074,-5.172303171357533,3.341988514452521,5,1
Tropic Thunder,-0.9894665777739545,25.170273457205674,27.44297463590603,7.427344822125719,26.72926175101543,5.687127257695607,13.37396889387503,9.839775854533736,-11.985374359973916,9.005212506207057,-6.423539230772239,6.757386746286101,3,1
True Detective,25.874985675716744,14.03110331854904,13.049636872831675,18.82332230913359,-2.843760959997487,4.539265633407898,-6.291213526302303,15.007956841840098,-15.21829462605831,5.5531941958902475,-6.2162917134470455,24.197233544445325,3,0
Twelfth Night,13.392619876135237,13.127985622478912,3.2874779112308934,19.97903369075514,13.930246781127389,19.64966825811973,19.029603071227175,13.52377425215335,-6.131461554466082,10.99171779461258,-2.57334155160966,7.929835296064576,5,0
Twilight,28.042713975103073,18.742938371134187,-10.23776910808924,26.26644666362327,1.583052607466137,23.968943351117343,0.7778324603593092,7.7381882967950375,-6.527664945192465,20.047613348614824,-3.084211811071387,17.2720503959815,10,0
Two and a Half Men,2.2255961585494948,22.758482847949594,23.18673378202166,25.998015346710538,6.254395309079839,24.29503737226722,6.936147864203474,21.606095471694008,-7.434365004753374,18.09035961358539,-8.37035519698455,5.7693887046382315,6,1
Unbreakable Kimmy Schmidt,1.3354844332957263,12.64158090504616,9.74872322555395,30.83367755126265,40.06681560640816,24.80656906109762,16.046624144372196,20.441325243508597,-9.313300894588433,13.265305128688274,-2.3812470193693724,9.39401177994461,5,1
Veep,2.8229326000549455,30.85561003483928,27.38646996254997,40.21690658057805,-5.906861393931396,12.333235792381426,25.362001548033763,8.158841261804387,-19.737338501433978,19.5692083123133,-4.066980549437134,5.1816506397152695,6,1
WandaVision,38.523962895990536,10.139503295390327,9.66076269796027,41.58429465429688,8.486394464054568,17.591215807617015,1.6272510562250748,0.6820089137594444,-3.934584178890596,7.740381320109255,15.04769477253823,3.39640496190292,3,0
West Side Story,18.9684286326209,14.634054193086564,3.251008786203612,30.11029539909005,20.834416477519568,32.273541352005196,9.985556825750669,9.09572403566223,-4.99051089610295,10.365627574597664,-15.444969388339644,11.090577579760197,5,0
Westworld,30.471924566257425,25.022861674086197,10.90955633261796,31.676344908333743,-1.3249656651941644,18.33535795750606,2.700930873877384,15.394123906226733,-6.609019649802344,13.346532759461248,2.308561142470761,17.45096220231738,15,0
When Harry Met Sally...,23.320261239336126,10.730996111686752,-1.3957916762771516,14.976867166903784,8.590967760306427,0.8288824966421591,14.523094611481339,14.452001812778752,-8.949132976441458,3.686411750577226,-4.871843420336735,0.8319934071628898,2,1
White Collar,46.74292779225038,10.710996532912262,-14.198557160888706,20.561056347245422,10.12152741993802,26.467121213694146,8.249925196850581,3.792461613537341,6.711353974778411,14.870114308945668,0.15811010197615794,21.91287074259698,6,0
Willy Wonka & the Chocolate Factory,10.690284716377354,6.068354329183818,-13.531490912102448,32.47993938298686,21.707510131371873,11.395067859613317,2.9189118065969377,6.2029346798518565,-7.095311913887962,10.135159488168155,6.802046414323495,14.504720480881156,3,1
Wynonna Earp,29.68748382168689,11.072666036948066,-10.52150208747121,37.96410544648219,27.70320689559324,14.420188371341679,-3.01514631818538,18.86475634387352,-9.795456290814737,8.538629244638674,0.7951742483858713,10.819849294276692,5,0
Yellowjackets,22.792374324970393,15.104530402166404,14.391975205912752,19.626832225857736,5.306820928845805,15.823715789580453,0.9054929236272963,22.163133354837846,-12.188057772201285,14.194856831216022,2.021568860380399,14.252307450953204,6,0
Yellowstone,31.34444551193595,25.659919765374582,6.175828975297756,26.399881984775885,-0.7844328432864401,15.799693900757106,-9.804725054206083,20.966956318804016,-12.176956358318284,11.916264297145023,-10.774401680915512,13.797901347655356,10,0
